<!DOCTYPE Institute SYSTEM "Validate.dtd">
<Institute>
	<Department name="Software">
		<Students>
			<Student>
				<Name>Yusha</Name>
				<RollNO> 16sw41 </RollNO>
			</Student>
			<Student>
				<Name>Saad</Name>
				<RollNO> 16sw41 </RollNO>
			</Student>
			<Student>
				<Name>Mehdi</Name>
				<RollNO> 16sw41 </RollNO>
			</Student>
			<Student>
				<Name>Vijay</Name>
				<RollNO> 16sw41 </RollNO>
			</Student>
		</Students>
	</Department>
	<Department name="Electronic">
		<Students>
			<Student>
				<Name>Yusha</Name>
				<RollNO> 16sw41 </RollNO>
			</Student>
			<Student>
				<Name>Saad</Name>
				<RollNO> 16sw41 </RollNO>
			</Student>
			<Student>
				<Name>Mehdi</Name>
				<RollNO> 16sw41 </RollNO>
			</Student>
			<Student>
				<Name>Vijay</Name>
				<RollNO> 16sw41 </RollNO>
			</Student>
		</Students>
	</Department>
	<Department name="Computer System">
		<Students>
			<Student>
				<Name>Yusha</Name>
				<RollNO> 16sw41 </RollNO>
			</Student>
			<Student>
				<Name>Saad</Name>
				<RollNO> 16sw41 </RollNO>
			</Student>
			<Student>
				<Name>Mehdi</Name>
				<RollNO> 16sw41 </RollNO>
			</Student>
			<Student>
				<Name>Vijay</Name>
				<RollNO> 16sw41 </RollNO>
			</Student>
		</Students>
	</Department>
</Institute>