
<CV>
	<Head>
	    <Name> Yusha Bin Arif </Name>
	    <Email> youshaarif13@gmail.com </Email>
	    <Address> Somewhere in Karachi </Address>
    </Head>

    <Body>
        <Objective>
        To sliently get hired as an internee and sneak my way to get permenantly emoployed 
        </Objective>
        <Education>
        B.E. Software Engineering, Mehran UET Jamshoro
        2019

        Intermediate, Pre Engineering From P.E.C.H.S Boys College.
        2015
        </Education>
        <Experience>
         C# internee, Basecamp Data Solutions, Hyderabad
         April 2018
        </Experience>
        <Skills>
        	# Java SE
        	# C#.NET
        	# Python
        	# Javascript
        	# Php
        </Skills>
    </Body>

    <Footer>
    	<References>
    		Available on Request.
    	</References>
    </Footer>

</CV>