{"HDp3q2jIt++75GY42gTbFw==":"mbr-1920x1280.jpg","I918IdulQrmhIBkBCGDq2Q==":"mbr-1920x1279.jpg","NYBBDGt1IzOaavZ1jWh7fA==":"images-280x180.jpg","mEuKcH3Oq4EXwFLLG8u8Lw==":"headerback-1920x900.jpg","4ghZWzL5MWepQFFlKfSwmQ==":"bondandbloom-772x496.jpg","AeDzAxwbPOsiyXmLghWgGQ==":"bondandbloom-1-772x496.jpg","4dgStCM/n8cH78RyZPhlWw==":"bondandbloom-2-772x496.jpg","3FMDR1Ap3tMVcX3ugZe/qQ==":"demo_4_home_inspector_website___spectora_web_hosting-1030x492.png","qezxrRkqgOZ8uwxL++CSKw==":"mbr-1200x1200.jpg","3OY+NnAHwV9iC8BWXP6F0g==":"mbr-1-1200x1200.jpg","lUlesnolhOoVbg9u5qWYrA==":"slidersinweb6-640x419.jpg","SSE6pimVb7EzjeMC30sQ1g==":"slidersinweb6-1-640x419.jpg","FM5hSBv4mLHLKVSCMHrYWg==":"slidersinweb6-2-640x419.jpg","JigiMxP4QmRz1HsQ4v+nnA==":"bondandbloom-3-772x496.jpg","WT2dsT8+IlpSwgQzPublNA==":"demo_4_home_inspector_website___spectora_web_hosting-1-1030x492.png","TLk2ZSUlRZdIHXc/FB+syA==":"demo_4_home_inspector_website___spectora_web_hosting-2-1030x492.png","Z98ZTTKFC/L7OENBQcSi7g==":"mbr-1200x600.jpg","azZWoWhq2UFrshZPfBL8cQ==":"bondandbloom-646x394.jpg","TaDaBKPGvqj+KqnAhwyVHA==":"bondandbloom-1-646x394.jpg","PWufZHCZOy7u2cqjH7fXvQ==":"bondandbloom-2-646x394.jpg","8CNMKsJ2DPojJIFxZzRhTQ==":"untitled%20design-336x192.png","zw5RB3gys2pp0uF8SJhnsQ==":"untitled%20design-336x192.png","HTRVCEqae+x1BpgvGDm/FQ==":"untitled%20design%20(1)-336x192.png","L2Qoi6z5YW2bvyYFrJmcjg==":"untitled%20design%20(2)-336x192.png","UIMGCYFezD6vppt/YRx2Tg==":"untitled%20design%20(3)-336x192.png","26Bn7boFo1tQApiZ6c9wjQ==":"untitled%20design%20(4)-336x192.png","m/c+qvCjuSjIAL4Rd3xh9g==":"mbr-616x409.jpg","eTkt3gGovSMnfIRfq3xQ0Q==":"mbr-632x355.jpg","IvZpyQ0n7JayqJqJMZB8UQ==":"fb_img-1543671011283-384x678.jpg","afKCs/5omhjyiKMwSITNrA==":"fb_img-1543671021773-510x510.jpg","7iYo/y8kQBR42Gko2ipjyg==":"fb_img-1543671043509-441x708.jpg","LbHK/S3egY9MYZAlMhSUvA==":"fb_img-1543671011283-510x510.jpg","F00Wsi3ErKB9CVajXogLhQ==":"fb_img-1543671043509-510x510.jpg","0TtJb8UINgN+3NHzp/zv0w==":"fb_img-1543671043510-510x510.jpg","Cb0RXVDF3EKGSy5zx4XxVw==":"acting%20director-96x28.png","uVF2+2rULUc62klY+BQkEA==":"mbr-538x532.jpg","YcSzMTMjWyOOgj159CSlQg==":"mbr-158x158.jpg","b0TN5xkODdLJ3WZ7r4BpTg==":"logomakr_5jthej-156x156.png","auNP+6RbnQyG2hcDUdDr8A==":"logomakr_4n3xpc-156x48.png"}